{"config":{"instanceID":22788},"type":1,"weight":75,"possibleTraitsRange":{"Max":0,"Min":0},"Color":{"r":0.4433962106704712,"g":0.4433962106704712,"b":0.4433962106704712,"a":1.0},"_LootTextPrefab":{"instanceID":15484},"_FontAsset":{"instanceID":15486}}